number,season,episode,airdate,title,tvmaze link
1,1,1,20 Sep 99,"Payback","https://www.tvmaze.com/episodes/6979/law-order-special-victims-unit-1x01-payback"
2,1,2,27 Sep 99,"A Single Life","https://www.tvmaze.com/episodes/6980/law-order-special-victims-unit-1x02-a-single-life"
3,1,3,04 Oct 99,"...Or Just Look Like One","https://www.tvmaze.com/episodes/6981/law-order-special-victims-unit-1x03-or-just-look-like-one"
4,1,4,11 Oct 99,"Hysteria","https://www.tvmaze.com/episodes/6982/law-order-special-victims-unit-1x04-hysteria"
5,1,5,18 Oct 99,"Wanderlust","https://www.tvmaze.com/episodes/6983/law-order-special-victims-unit-1x05-wanderlust"
6,1,6,25 Oct 99,"Sophomore Jinx","https://www.tvmaze.com/episodes/6984/law-order-special-victims-unit-1x06-sophomore-jinx"
7,1,7,15 Nov 99,"Uncivilized","https://www.tvmaze.com/episodes/6985/law-order-special-victims-unit-1x07-uncivilized"
8,1,8,22 Nov 99,"Stalked","https://www.tvmaze.com/episodes/6986/law-order-special-victims-unit-1x08-stalked"
9,1,9,29 Nov 99,"Stocks & Bondage","https://www.tvmaze.com/episodes/6987/law-order-special-victims-unit-1x09-stocks-bondage"
10,1,10,07 Jan 00,"Closure","https://www.tvmaze.com/episodes/6988/law-order-special-victims-unit-1x10-closure"
11,1,11,14 Jan 00,"Bad Blood","https://www.tvmaze.com/episodes/6989/law-order-special-victims-unit-1x11-bad-blood"
12,1,12,21 Jan 00,"Russian Love Poem","https://www.tvmaze.com/episodes/6990/law-order-special-victims-unit-1x12-russian-love-poem"
13,1,13,04 Feb 00,"Disrobed","https://www.tvmaze.com/episodes/6991/law-order-special-victims-unit-1x13-disrobed"
14,1,14,11 Feb 00,"Limitations","https://www.tvmaze.com/episodes/6992/law-order-special-victims-unit-1x14-limitations"
15,1,15,18 Feb 00,"Entitled, Part 1","https://www.tvmaze.com/episodes/6993/law-order-special-victims-unit-1x15-entitled-part-1"
16,1,16,25 Feb 00,"The Third Guy","https://www.tvmaze.com/episodes/6994/law-order-special-victims-unit-1x16-the-third-guy"
17,1,17,31 Mar 00,"Misleader","https://www.tvmaze.com/episodes/6995/law-order-special-victims-unit-1x17-misleader"
18,1,18,14 Apr 00,"Chat Room","https://www.tvmaze.com/episodes/6996/law-order-special-victims-unit-1x18-chat-room"
19,1,19,28 Apr 00,"Contact","https://www.tvmaze.com/episodes/6997/law-order-special-victims-unit-1x19-contact"
20,1,20,05 May 00,"Remorse","https://www.tvmaze.com/episodes/6998/law-order-special-victims-unit-1x20-remorse"
21,1,21,12 May 00,"Nocturne","https://www.tvmaze.com/episodes/6999/law-order-special-victims-unit-1x21-nocturne"
22,1,22,19 May 00,"Slaves","https://www.tvmaze.com/episodes/7000/law-order-special-victims-unit-1x22-slaves"
23,2,1,20 Oct 00,"Wrong is Right","https://www.tvmaze.com/episodes/7001/law-order-special-victims-unit-2x01-wrong-is-right"
24,2,2,27 Oct 00,"Honor","https://www.tvmaze.com/episodes/7002/law-order-special-victims-unit-2x02-honor"
25,2,3,03 Nov 00,"Closure, Part 2","https://www.tvmaze.com/episodes/7003/law-order-special-victims-unit-2x03-closure-part-2"
26,2,4,10 Nov 00,"Legacy","https://www.tvmaze.com/episodes/7004/law-order-special-victims-unit-2x04-legacy"
27,2,5,17 Nov 00,"Baby Killer","https://www.tvmaze.com/episodes/7005/law-order-special-victims-unit-2x05-baby-killer"
28,2,6,24 Nov 00,"Noncompliance","https://www.tvmaze.com/episodes/7006/law-order-special-victims-unit-2x06-noncompliance"
29,2,7,01 Dec 00,"Asunder","https://www.tvmaze.com/episodes/7007/law-order-special-victims-unit-2x07-asunder"
30,2,8,15 Dec 00,"Taken","https://www.tvmaze.com/episodes/7008/law-order-special-victims-unit-2x08-taken"
31,2,9,12 Jan 01,"Pixies","https://www.tvmaze.com/episodes/7009/law-order-special-victims-unit-2x09-pixies"
32,2,10,19 Jan 01,"Consent","https://www.tvmaze.com/episodes/7010/law-order-special-victims-unit-2x10-consent"
33,2,11,26 Jan 01,"Abuse","https://www.tvmaze.com/episodes/7011/law-order-special-victims-unit-2x11-abuse"
34,2,12,02 Feb 01,"Secrets","https://www.tvmaze.com/episodes/7012/law-order-special-victims-unit-2x12-secrets"
35,2,13,09 Feb 01,"Victims","https://www.tvmaze.com/episodes/7013/law-order-special-victims-unit-2x13-victims"
36,2,14,16 Feb 01,"Paranoia","https://www.tvmaze.com/episodes/7014/law-order-special-victims-unit-2x14-paranoia"
37,2,15,23 Feb 01,"Countdown","https://www.tvmaze.com/episodes/7015/law-order-special-victims-unit-2x15-countdown"
38,2,16,02 Mar 01,"Runaway","https://www.tvmaze.com/episodes/7016/law-order-special-victims-unit-2x16-runaway"
39,2,17,23 Mar 01,"Folly","https://www.tvmaze.com/episodes/7017/law-order-special-victims-unit-2x17-folly"
40,2,18,20 Apr 01,"Manhunt","https://www.tvmaze.com/episodes/7018/law-order-special-victims-unit-2x18-manhunt"
41,2,19,27 Apr 01,"Parasites","https://www.tvmaze.com/episodes/7019/law-order-special-victims-unit-2x19-parasites"
42,2,20,04 May 01,"Pique","https://www.tvmaze.com/episodes/7020/law-order-special-victims-unit-2x20-pique"
43,2,21,11 May 01,"Scourge","https://www.tvmaze.com/episodes/7021/law-order-special-victims-unit-2x21-scourge"
44,3,1,28 Sep 01,"Repression","https://www.tvmaze.com/episodes/7022/law-order-special-victims-unit-3x01-repression"
45,3,2,05 Oct 01,"Wrath","https://www.tvmaze.com/episodes/7023/law-order-special-victims-unit-3x02-wrath"
46,3,3,12 Oct 01,"Stolen","https://www.tvmaze.com/episodes/7024/law-order-special-victims-unit-3x03-stolen"
47,3,4,19 Oct 01,"Rooftop","https://www.tvmaze.com/episodes/7025/law-order-special-victims-unit-3x04-rooftop"
48,3,5,26 Oct 01,"Tangled","https://www.tvmaze.com/episodes/7026/law-order-special-victims-unit-3x05-tangled"
49,3,6,02 Nov 01,"Redemption","https://www.tvmaze.com/episodes/7027/law-order-special-victims-unit-3x06-redemption"
50,3,7,09 Nov 01,"Sacrifice","https://www.tvmaze.com/episodes/7028/law-order-special-victims-unit-3x07-sacrifice"
51,3,8,16 Nov 01,"Inheritance","https://www.tvmaze.com/episodes/7029/law-order-special-victims-unit-3x08-inheritance"
52,3,9,23 Nov 01,"Care","https://www.tvmaze.com/episodes/7030/law-order-special-victims-unit-3x09-care"
53,3,10,14 Dec 01,"Ridicule","https://www.tvmaze.com/episodes/7031/law-order-special-victims-unit-3x10-ridicule"
54,3,11,04 Jan 02,"Monogamy","https://www.tvmaze.com/episodes/7032/law-order-special-victims-unit-3x11-monogamy"
55,3,12,11 Jan 02,"Protection","https://www.tvmaze.com/episodes/7033/law-order-special-victims-unit-3x12-protection"
56,3,13,18 Jan 02,"Prodigy","https://www.tvmaze.com/episodes/7034/law-order-special-victims-unit-3x13-prodigy"
57,3,14,25 Jan 02,"Counterfeit","https://www.tvmaze.com/episodes/7035/law-order-special-victims-unit-3x14-counterfeit"
58,3,15,01 Feb 02,"Execution","https://www.tvmaze.com/episodes/7036/law-order-special-victims-unit-3x15-execution"
59,3,16,01 Mar 02,"Popular","https://www.tvmaze.com/episodes/7037/law-order-special-victims-unit-3x16-popular"
60,3,17,08 Mar 02,"Surveillance","https://www.tvmaze.com/episodes/7038/law-order-special-victims-unit-3x17-surveillance"
61,3,18,29 Mar 02,"Guilt","https://www.tvmaze.com/episodes/7039/law-order-special-victims-unit-3x18-guilt"
62,3,19,05 Apr 02,"Justice","https://www.tvmaze.com/episodes/7040/law-order-special-victims-unit-3x19-justice"
63,3,20,26 Apr 02,"Greed","https://www.tvmaze.com/episodes/7041/law-order-special-victims-unit-3x20-greed"
64,3,21,03 May 02,"Denial","https://www.tvmaze.com/episodes/7042/law-order-special-victims-unit-3x21-denial"
65,3,22,10 May 02,"Competence","https://www.tvmaze.com/episodes/7043/law-order-special-victims-unit-3x22-competence"
66,3,23,17 May 02,"Silence","https://www.tvmaze.com/episodes/7044/law-order-special-victims-unit-3x23-silence"
67,4,1,27 Sep 02,"Chameleon","https://www.tvmaze.com/episodes/7045/law-order-special-victims-unit-4x01-chameleon"
68,4,2,04 Oct 02,"Deception","https://www.tvmaze.com/episodes/7046/law-order-special-victims-unit-4x02-deception"
69,4,3,11 Oct 02,"Vulnerable","https://www.tvmaze.com/episodes/7047/law-order-special-victims-unit-4x03-vulnerable"
70,4,4,18 Oct 02,"Lust","https://www.tvmaze.com/episodes/7048/law-order-special-victims-unit-4x04-lust"
71,4,5,25 Oct 02,"Disappearing Acts","https://www.tvmaze.com/episodes/7049/law-order-special-victims-unit-4x05-disappearing-acts"
72,4,6,01 Nov 02,"Angels","https://www.tvmaze.com/episodes/7050/law-order-special-victims-unit-4x06-angels"
73,4,7,08 Nov 02,"Dolls","https://www.tvmaze.com/episodes/7051/law-order-special-victims-unit-4x07-dolls"
74,4,8,15 Nov 02,"Waste","https://www.tvmaze.com/episodes/7052/law-order-special-victims-unit-4x08-waste"
75,4,9,22 Nov 02,"Juvenile","https://www.tvmaze.com/episodes/7053/law-order-special-victims-unit-4x09-juvenile"
76,4,10,06 Dec 02,"Resilience","https://www.tvmaze.com/episodes/7054/law-order-special-victims-unit-4x10-resilience"
77,4,11,10 Jan 03,"Damaged","https://www.tvmaze.com/episodes/7055/law-order-special-victims-unit-4x11-damaged"
78,4,12,17 Jan 03,"Risk","https://www.tvmaze.com/episodes/7056/law-order-special-victims-unit-4x12-risk"
79,4,13,24 Jan 03,"Rotten","https://www.tvmaze.com/episodes/7057/law-order-special-victims-unit-4x13-rotten"
80,4,14,31 Jan 03,"Mercy","https://www.tvmaze.com/episodes/7058/law-order-special-victims-unit-4x14-mercy"
81,4,15,07 Feb 03,"Pandora","https://www.tvmaze.com/episodes/7059/law-order-special-victims-unit-4x15-pandora"
82,4,16,14 Feb 03,"Tortured","https://www.tvmaze.com/episodes/7060/law-order-special-victims-unit-4x16-tortured"
83,4,17,21 Feb 03,"Privilege","https://www.tvmaze.com/episodes/7061/law-order-special-victims-unit-4x17-privilege"
84,4,18,14 Mar 03,"Desperate","https://www.tvmaze.com/episodes/7062/law-order-special-victims-unit-4x18-desperate"
85,4,19,28 Mar 03,"Appearances","https://www.tvmaze.com/episodes/7063/law-order-special-victims-unit-4x19-appearances"
86,4,20,04 Apr 03,"Dominance","https://www.tvmaze.com/episodes/7064/law-order-special-victims-unit-4x20-dominance"
87,4,21,18 Apr 03,"Fallacy","https://www.tvmaze.com/episodes/7065/law-order-special-victims-unit-4x21-fallacy"
88,4,22,25 Apr 03,"Futility","https://www.tvmaze.com/episodes/7066/law-order-special-victims-unit-4x22-futility"
89,4,23,02 May 03,"Grief","https://www.tvmaze.com/episodes/7067/law-order-special-victims-unit-4x23-grief"
90,4,24,09 May 03,"Perfect","https://www.tvmaze.com/episodes/7068/law-order-special-victims-unit-4x24-perfect"
91,4,25,16 May 03,"Soulless","https://www.tvmaze.com/episodes/7069/law-order-special-victims-unit-4x25-soulless"
92,5,1,23 Sep 03,"Tragedy","https://www.tvmaze.com/episodes/7070/law-order-special-victims-unit-5x01-tragedy"
93,5,2,30 Sep 03,"Manic","https://www.tvmaze.com/episodes/7071/law-order-special-victims-unit-5x02-manic"
94,5,3,07 Oct 03,"Mother","https://www.tvmaze.com/episodes/7072/law-order-special-victims-unit-5x03-mother"
95,5,4,14 Oct 03,"Loss","https://www.tvmaze.com/episodes/7073/law-order-special-victims-unit-5x04-loss"
96,5,5,21 Oct 03,"Serendipity","https://www.tvmaze.com/episodes/7074/law-order-special-victims-unit-5x05-serendipity"
97,5,6,28 Oct 03,"Coerced","https://www.tvmaze.com/episodes/7075/law-order-special-victims-unit-5x06-coerced"
98,5,7,04 Nov 03,"Choice","https://www.tvmaze.com/episodes/7076/law-order-special-victims-unit-5x07-choice"
99,5,8,11 Nov 03,"Abomination","https://www.tvmaze.com/episodes/7077/law-order-special-victims-unit-5x08-abomination"
100,5,9,18 Nov 03,"Control","https://www.tvmaze.com/episodes/7078/law-order-special-victims-unit-5x09-control"
101,5,10,25 Nov 03,"Shaken","https://www.tvmaze.com/episodes/7079/law-order-special-victims-unit-5x10-shaken"
102,5,11,02 Dec 03,"Escape","https://www.tvmaze.com/episodes/7080/law-order-special-victims-unit-5x11-escape"
103,5,12,06 Jan 04,"Brotherhood","https://www.tvmaze.com/episodes/7081/law-order-special-victims-unit-5x12-brotherhood"
104,5,13,13 Jan 04,"Hate","https://www.tvmaze.com/episodes/7082/law-order-special-victims-unit-5x13-hate"
105,5,14,03 Feb 04,"Ritual","https://www.tvmaze.com/episodes/7083/law-order-special-victims-unit-5x14-ritual"
106,5,15,10 Feb 04,"Families","https://www.tvmaze.com/episodes/7084/law-order-special-victims-unit-5x15-families"
107,5,16,17 Feb 04,"Home","https://www.tvmaze.com/episodes/7085/law-order-special-victims-unit-5x16-home"
108,5,17,24 Feb 04,"Mean","https://www.tvmaze.com/episodes/7086/law-order-special-victims-unit-5x17-mean"
109,5,18,02 Mar 04,"Careless","https://www.tvmaze.com/episodes/7087/law-order-special-victims-unit-5x18-careless"
110,5,19,30 Mar 04,"Sick","https://www.tvmaze.com/episodes/7088/law-order-special-victims-unit-5x19-sick"
111,5,20,06 Apr 04,"Lowdown","https://www.tvmaze.com/episodes/7089/law-order-special-victims-unit-5x20-lowdown"
112,5,21,20 Apr 04,"Criminal","https://www.tvmaze.com/episodes/7090/law-order-special-victims-unit-5x21-criminal"
113,5,22,27 Apr 04,"Painless","https://www.tvmaze.com/episodes/7091/law-order-special-victims-unit-5x22-painless"
114,5,23,04 May 04,"Bound","https://www.tvmaze.com/episodes/7092/law-order-special-victims-unit-5x23-bound"
115,5,24,11 May 04,"Poison","https://www.tvmaze.com/episodes/7093/law-order-special-victims-unit-5x24-poison"
116,5,25,18 May 04,"Head","https://www.tvmaze.com/episodes/7094/law-order-special-victims-unit-5x25-head"
117,6,1,21 Sep 04,"Birthright","https://www.tvmaze.com/episodes/7095/law-order-special-victims-unit-6x01-birthright"
118,6,2,28 Sep 04,"Debt","https://www.tvmaze.com/episodes/7096/law-order-special-victims-unit-6x02-debt"
119,6,3,12 Oct 04,"Obscene","https://www.tvmaze.com/episodes/7097/law-order-special-victims-unit-6x03-obscene"
120,6,4,19 Oct 04,"Scavenger","https://www.tvmaze.com/episodes/7098/law-order-special-victims-unit-6x04-scavenger"
121,6,5,26 Oct 04,"Outcry","https://www.tvmaze.com/episodes/7099/law-order-special-victims-unit-6x05-outcry"
122,6,6,09 Nov 04,"Conscience","https://www.tvmaze.com/episodes/7100/law-order-special-victims-unit-6x06-conscience"
123,6,7,16 Nov 04,"Charisma","https://www.tvmaze.com/episodes/7101/law-order-special-victims-unit-6x07-charisma"
124,6,8,23 Nov 04,"Doubt","https://www.tvmaze.com/episodes/7102/law-order-special-victims-unit-6x08-doubt"
125,6,9,30 Nov 04,"Weak","https://www.tvmaze.com/episodes/7103/law-order-special-victims-unit-6x09-weak"
126,6,10,07 Dec 04,"Haunted","https://www.tvmaze.com/episodes/7104/law-order-special-victims-unit-6x10-haunted"
127,6,11,11 Jan 05,"Contagious","https://www.tvmaze.com/episodes/7105/law-order-special-victims-unit-6x11-contagious"
128,6,12,18 Jan 05,"Identity","https://www.tvmaze.com/episodes/7106/law-order-special-victims-unit-6x12-identity"
129,6,13,25 Jan 05,"Quarry","https://www.tvmaze.com/episodes/7107/law-order-special-victims-unit-6x13-quarry"
130,6,14,08 Feb 05,"Game","https://www.tvmaze.com/episodes/7108/law-order-special-victims-unit-6x14-game"
131,6,15,15 Feb 05,"Hooked","https://www.tvmaze.com/episodes/7109/law-order-special-victims-unit-6x15-hooked"
132,6,16,22 Feb 05,"Ghost","https://www.tvmaze.com/episodes/7110/law-order-special-victims-unit-6x16-ghost"
133,6,17,01 Mar 05,"Rage","https://www.tvmaze.com/episodes/7111/law-order-special-victims-unit-6x17-rage"
134,6,18,08 Mar 05,"Pure","https://www.tvmaze.com/episodes/7112/law-order-special-victims-unit-6x18-pure"
135,6,19,29 Mar 05,"Intoxicated","https://www.tvmaze.com/episodes/7113/law-order-special-victims-unit-6x19-intoxicated"
136,6,20,03 May 05,"Night","https://www.tvmaze.com/episodes/7114/law-order-special-victims-unit-6x20-night"
137,6,21,10 May 05,"Blood","https://www.tvmaze.com/episodes/7115/law-order-special-victims-unit-6x21-blood"
138,6,22,17 May 05,"Parts","https://www.tvmaze.com/episodes/7116/law-order-special-victims-unit-6x22-parts"
139,6,23,24 May 05,"Goliath","https://www.tvmaze.com/episodes/7117/law-order-special-victims-unit-6x23-goliath"
140,7,1,20 Sep 05,"Demons","https://www.tvmaze.com/episodes/7118/law-order-special-victims-unit-7x01-demons"
141,7,2,27 Sep 05,"Design","https://www.tvmaze.com/episodes/7119/law-order-special-victims-unit-7x02-design"
142,7,3,04 Oct 05,"911","https://www.tvmaze.com/episodes/7120/law-order-special-victims-unit-7x03-911"
143,7,4,11 Oct 05,"Ripped","https://www.tvmaze.com/episodes/7121/law-order-special-victims-unit-7x04-ripped"
144,7,5,18 Oct 05,"Strain","https://www.tvmaze.com/episodes/7122/law-order-special-victims-unit-7x05-strain"
145,7,6,01 Nov 05,"Raw","https://www.tvmaze.com/episodes/7123/law-order-special-victims-unit-7x06-raw"
146,7,7,08 Nov 05,"Name","https://www.tvmaze.com/episodes/7124/law-order-special-victims-unit-7x07-name"
147,7,8,15 Nov 05,"Starved","https://www.tvmaze.com/episodes/7125/law-order-special-victims-unit-7x08-starved"
148,7,9,22 Nov 05,"Rockabye","https://www.tvmaze.com/episodes/7126/law-order-special-victims-unit-7x09-rockabye"
149,7,10,29 Nov 05,"Storm","https://www.tvmaze.com/episodes/7127/law-order-special-victims-unit-7x10-storm"
150,7,11,06 Dec 05,"Alien","https://www.tvmaze.com/episodes/7128/law-order-special-victims-unit-7x11-alien"
151,7,12,03 Jan 06,"Infected","https://www.tvmaze.com/episodes/7129/law-order-special-victims-unit-7x12-infected"
152,7,13,10 Jan 06,"Blast","https://www.tvmaze.com/episodes/7130/law-order-special-victims-unit-7x13-blast"
153,7,14,17 Jan 06,"Taboo","https://www.tvmaze.com/episodes/7131/law-order-special-victims-unit-7x14-taboo"
154,7,15,07 Feb 06,"Manipulated","https://www.tvmaze.com/episodes/7132/law-order-special-victims-unit-7x15-manipulated"
155,7,16,28 Feb 06,"Gone","https://www.tvmaze.com/episodes/7133/law-order-special-victims-unit-7x16-gone"
156,7,17,21 Mar 06,"Class","https://www.tvmaze.com/episodes/7134/law-order-special-victims-unit-7x17-class"
157,7,18,28 Mar 06,"Venom","https://www.tvmaze.com/episodes/7135/law-order-special-victims-unit-7x18-venom"
158,7,19,04 Apr 06,"Fault","https://www.tvmaze.com/episodes/7136/law-order-special-victims-unit-7x19-fault"
159,7,20,02 May 06,"Fat","https://www.tvmaze.com/episodes/7137/law-order-special-victims-unit-7x20-fat"
160,7,21,09 May 06,"Web","https://www.tvmaze.com/episodes/7138/law-order-special-victims-unit-7x21-web"
161,7,22,16 May 06,"Influence","https://www.tvmaze.com/episodes/7139/law-order-special-victims-unit-7x22-influence"
162,8,1,19 Sep 06,"Informed","https://www.tvmaze.com/episodes/7140/law-order-special-victims-unit-8x01-informed"
163,8,2,26 Sep 06,"Clock","https://www.tvmaze.com/episodes/7141/law-order-special-victims-unit-8x02-clock"
164,8,3,03 Oct 06,"Recall","https://www.tvmaze.com/episodes/7142/law-order-special-victims-unit-8x03-recall"
165,8,4,10 Oct 06,"Uncle","https://www.tvmaze.com/episodes/7143/law-order-special-victims-unit-8x04-uncle"
166,8,5,17 Oct 06,"Confrontation","https://www.tvmaze.com/episodes/7144/law-order-special-victims-unit-8x05-confrontation"
167,8,6,31 Oct 06,"Infiltrated","https://www.tvmaze.com/episodes/7145/law-order-special-victims-unit-8x06-infiltrated"
168,8,7,14 Nov 06,"Underbelly","https://www.tvmaze.com/episodes/7146/law-order-special-victims-unit-8x07-underbelly"
169,8,8,21 Nov 06,"Cage","https://www.tvmaze.com/episodes/7147/law-order-special-victims-unit-8x08-cage"
170,8,9,28 Nov 06,"Choreographed","https://www.tvmaze.com/episodes/7148/law-order-special-victims-unit-8x09-choreographed"
171,8,10,02 Jan 07,"Scheherezade","https://www.tvmaze.com/episodes/7149/law-order-special-victims-unit-8x10-scheherezade"
172,8,11,09 Jan 07,"Burned","https://www.tvmaze.com/episodes/7150/law-order-special-victims-unit-8x11-burned"
173,8,12,16 Jan 07,"Outsider","https://www.tvmaze.com/episodes/7151/law-order-special-victims-unit-8x12-outsider"
174,8,13,06 Feb 07,"Loophole","https://www.tvmaze.com/episodes/7152/law-order-special-victims-unit-8x13-loophole"
175,8,14,13 Feb 07,"Dependent","https://www.tvmaze.com/episodes/7153/law-order-special-victims-unit-8x14-dependent"
176,8,15,20 Feb 07,"Haystack","https://www.tvmaze.com/episodes/7154/law-order-special-victims-unit-8x15-haystack"
177,8,16,27 Feb 07,"Philadelphia","https://www.tvmaze.com/episodes/7155/law-order-special-victims-unit-8x16-philadelphia"
178,8,17,27 Mar 07,"Sin","https://www.tvmaze.com/episodes/7156/law-order-special-victims-unit-8x17-sin"
179,8,18,03 Apr 07,"Responsible","https://www.tvmaze.com/episodes/7157/law-order-special-victims-unit-8x18-responsible"
180,8,19,01 May 07,"Florida","https://www.tvmaze.com/episodes/7158/law-order-special-victims-unit-8x19-florida"
181,8,20,08 May 07,"Annihilated","https://www.tvmaze.com/episodes/7159/law-order-special-victims-unit-8x20-annihilated"
182,8,21,15 May 07,"Pretend","https://www.tvmaze.com/episodes/7160/law-order-special-victims-unit-8x21-pretend"
183,8,22,22 May 07,"Screwed","https://www.tvmaze.com/episodes/7161/law-order-special-victims-unit-8x22-screwed"
184,9,1,25 Sep 07,"Alternate","https://www.tvmaze.com/episodes/7162/law-order-special-victims-unit-9x01-alternate"
185,9,2,02 Oct 07,"Avatar","https://www.tvmaze.com/episodes/7163/law-order-special-victims-unit-9x02-avatar"
186,9,3,09 Oct 07,"Impulsive","https://www.tvmaze.com/episodes/7164/law-order-special-victims-unit-9x03-impulsive"
187,9,4,16 Oct 07,"Savant","https://www.tvmaze.com/episodes/7165/law-order-special-victims-unit-9x04-savant"
188,9,5,23 Oct 07,"Harm","https://www.tvmaze.com/episodes/7166/law-order-special-victims-unit-9x05-harm"
189,9,6,06 Nov 07,"Svengali","https://www.tvmaze.com/episodes/7167/law-order-special-victims-unit-9x06-svengali"
190,9,7,13 Nov 07,"Blinded","https://www.tvmaze.com/episodes/7168/law-order-special-victims-unit-9x07-blinded"
191,9,8,20 Nov 07,"Fight","https://www.tvmaze.com/episodes/7169/law-order-special-victims-unit-9x08-fight"
192,9,9,27 Nov 07,"Paternity","https://www.tvmaze.com/episodes/7170/law-order-special-victims-unit-9x09-paternity"
193,9,10,04 Dec 07,"Snitch","https://www.tvmaze.com/episodes/7171/law-order-special-victims-unit-9x10-snitch"
194,9,11,01 Jan 08,"Streetwise","https://www.tvmaze.com/episodes/7172/law-order-special-victims-unit-9x11-streetwise"
195,9,12,08 Jan 08,"Signature","https://www.tvmaze.com/episodes/7173/law-order-special-victims-unit-9x12-signature"
196,9,13,15 Jan 08,"Unorthodox","https://www.tvmaze.com/episodes/7174/law-order-special-victims-unit-9x13-unorthodox"
197,9,14,22 Jan 08,"Inconceivable","https://www.tvmaze.com/episodes/7175/law-order-special-victims-unit-9x14-inconceivable"
198,9,15,15 Apr 08,"Undercover","https://www.tvmaze.com/episodes/7176/law-order-special-victims-unit-9x15-undercover"
199,9,16,22 Apr 08,"Closet","https://www.tvmaze.com/episodes/7177/law-order-special-victims-unit-9x16-closet"
200,9,17,29 Apr 08,"Authority","https://www.tvmaze.com/episodes/7178/law-order-special-victims-unit-9x17-authority"
201,9,18,06 May 08,"Trade","https://www.tvmaze.com/episodes/7179/law-order-special-victims-unit-9x18-trade"
202,9,19,13 May 08,"Cold","https://www.tvmaze.com/episodes/7180/law-order-special-victims-unit-9x19-cold"
203,10,1,23 Sep 08,"Trials","https://www.tvmaze.com/episodes/7181/law-order-special-victims-unit-10x01-trials"
204,10,2,30 Sep 08,"Confession","https://www.tvmaze.com/episodes/7182/law-order-special-victims-unit-10x02-confession"
205,10,3,14 Oct 08,"Swing","https://www.tvmaze.com/episodes/7183/law-order-special-victims-unit-10x03-swing"
206,10,4,21 Oct 08,"Lunacy","https://www.tvmaze.com/episodes/7184/law-order-special-victims-unit-10x04-lunacy"
207,10,5,28 Oct 08,"Retro","https://www.tvmaze.com/episodes/7185/law-order-special-victims-unit-10x05-retro"
208,10,6,11 Nov 08,"Babes","https://www.tvmaze.com/episodes/7186/law-order-special-victims-unit-10x06-babes"
209,10,7,18 Nov 08,"Wildlife","https://www.tvmaze.com/episodes/7187/law-order-special-victims-unit-10x07-wildlife"
210,10,8,25 Nov 08,"Persona","https://www.tvmaze.com/episodes/7188/law-order-special-victims-unit-10x08-persona"
211,10,9,02 Dec 08,"PTSD","https://www.tvmaze.com/episodes/7189/law-order-special-victims-unit-10x09-ptsd"
212,10,10,09 Dec 08,"Smut","https://www.tvmaze.com/episodes/7190/law-order-special-victims-unit-10x10-smut"
213,10,11,06 Jan 09,"Stranger","https://www.tvmaze.com/episodes/7191/law-order-special-victims-unit-10x11-stranger"
214,10,12,13 Jan 09,"Hothouse","https://www.tvmaze.com/episodes/7192/law-order-special-victims-unit-10x12-hothouse"
215,10,13,03 Feb 09,"Snatched","https://www.tvmaze.com/episodes/7193/law-order-special-victims-unit-10x13-snatched"
216,10,14,17 Feb 09,"Transitions","https://www.tvmaze.com/episodes/7194/law-order-special-victims-unit-10x14-transitions"
217,10,15,10 Mar 09,"Lead","https://www.tvmaze.com/episodes/7195/law-order-special-victims-unit-10x15-lead"
218,10,16,17 Mar 09,"Ballerina","https://www.tvmaze.com/episodes/7196/law-order-special-victims-unit-10x16-ballerina"
219,10,17,31 Mar 09,"Hell","https://www.tvmaze.com/episodes/7197/law-order-special-victims-unit-10x17-hell"
220,10,18,07 Apr 09,"Baggage","https://www.tvmaze.com/episodes/7198/law-order-special-victims-unit-10x18-baggage"
221,10,19,28 Apr 09,"Selfish","https://www.tvmaze.com/episodes/7199/law-order-special-victims-unit-10x19-selfish"
222,10,20,05 May 09,"Crush","https://www.tvmaze.com/episodes/7200/law-order-special-victims-unit-10x20-crush"
223,10,21,19 May 09,"Liberties","https://www.tvmaze.com/episodes/7201/law-order-special-victims-unit-10x21-liberties"
224,10,22,02 Jun 09,"Zebras","https://www.tvmaze.com/episodes/7202/law-order-special-victims-unit-10x22-zebras"
225,11,1,23 Sep 09,"Unstable","https://www.tvmaze.com/episodes/7203/law-order-special-victims-unit-11x01-unstable"
226,11,2,30 Sep 09,"Sugar","https://www.tvmaze.com/episodes/7204/law-order-special-victims-unit-11x02-sugar"
227,11,3,07 Oct 09,"Solitary","https://www.tvmaze.com/episodes/7205/law-order-special-victims-unit-11x03-solitary"
228,11,4,14 Oct 09,"Hammered","https://www.tvmaze.com/episodes/7206/law-order-special-victims-unit-11x04-hammered"
229,11,5,21 Oct 09,"Hardwired","https://www.tvmaze.com/episodes/7207/law-order-special-victims-unit-11x05-hardwired"
230,11,6,28 Oct 09,"Spooked","https://www.tvmaze.com/episodes/7208/law-order-special-victims-unit-11x06-spooked"
231,11,7,04 Nov 09,"Users","https://www.tvmaze.com/episodes/7209/law-order-special-victims-unit-11x07-users"
232,11,8,11 Nov 09,"Turmoil","https://www.tvmaze.com/episodes/7210/law-order-special-victims-unit-11x08-turmoil"
233,11,9,18 Nov 09,"Perverted","https://www.tvmaze.com/episodes/7211/law-order-special-victims-unit-11x09-perverted"
234,11,10,09 Dec 09,"Anchor","https://www.tvmaze.com/episodes/7212/law-order-special-victims-unit-11x10-anchor"
235,11,11,06 Jan 10,"Quickie","https://www.tvmaze.com/episodes/7213/law-order-special-victims-unit-11x11-quickie"
236,11,12,13 Jan 10,"Shadow","https://www.tvmaze.com/episodes/7214/law-order-special-victims-unit-11x12-shadow"
237,11,13,03 Mar 10,"P.C.","https://www.tvmaze.com/episodes/7215/law-order-special-victims-unit-11x13-pc"
238,11,14,03 Mar 10,"Savior","https://www.tvmaze.com/episodes/7216/law-order-special-victims-unit-11x14-savior"
239,11,15,10 Mar 10,"Confidential","https://www.tvmaze.com/episodes/7217/law-order-special-victims-unit-11x15-confidential"
240,11,16,17 Mar 10,"Witness","https://www.tvmaze.com/episodes/7218/law-order-special-victims-unit-11x16-witness"
241,11,17,24 Mar 10,"Disabled","https://www.tvmaze.com/episodes/7219/law-order-special-victims-unit-11x17-disabled"
242,11,18,31 Mar 10,"Bedtime","https://www.tvmaze.com/episodes/7220/law-order-special-victims-unit-11x18-bedtime"
243,11,19,07 Apr 10,"Conned","https://www.tvmaze.com/episodes/7221/law-order-special-victims-unit-11x19-conned"
244,11,20,21 Apr 10,"Beef","https://www.tvmaze.com/episodes/7222/law-order-special-victims-unit-11x20-beef"
245,11,21,28 Apr 10,"Torch","https://www.tvmaze.com/episodes/7223/law-order-special-victims-unit-11x21-torch"
246,11,22,05 May 10,"Ace","https://www.tvmaze.com/episodes/7224/law-order-special-victims-unit-11x22-ace"
247,11,23,12 May 10,"Wannabe","https://www.tvmaze.com/episodes/7225/law-order-special-victims-unit-11x23-wannabe"
248,11,24,19 May 10,"Shattered","https://www.tvmaze.com/episodes/7226/law-order-special-victims-unit-11x24-shattered"
249,12,1,22 Sep 10,"Locum","https://www.tvmaze.com/episodes/7227/law-order-special-victims-unit-12x01-locum"
250,12,2,22 Sep 10,"Bullseye","https://www.tvmaze.com/episodes/7228/law-order-special-victims-unit-12x02-bullseye"
251,12,3,29 Sep 10,"Behave","https://www.tvmaze.com/episodes/7229/law-order-special-victims-unit-12x03-behave"
252,12,4,06 Oct 10,"Merchandise","https://www.tvmaze.com/episodes/7230/law-order-special-victims-unit-12x04-merchandise"
253,12,5,13 Oct 10,"Wet","https://www.tvmaze.com/episodes/7231/law-order-special-victims-unit-12x05-wet"
254,12,6,20 Oct 10,"Branded","https://www.tvmaze.com/episodes/7232/law-order-special-victims-unit-12x06-branded"
255,12,7,03 Nov 10,"Trophy","https://www.tvmaze.com/episodes/7233/law-order-special-victims-unit-12x07-trophy"
256,12,8,10 Nov 10,"Penetration","https://www.tvmaze.com/episodes/7234/law-order-special-victims-unit-12x08-penetration"
257,12,9,17 Nov 10,"Gray","https://www.tvmaze.com/episodes/7235/law-order-special-victims-unit-12x09-gray"
258,12,10,01 Dec 10,"Rescue","https://www.tvmaze.com/episodes/7236/law-order-special-victims-unit-12x10-rescue"
259,12,11,05 Jan 11,"Pop","https://www.tvmaze.com/episodes/7237/law-order-special-victims-unit-12x11-pop"
260,12,12,05 Jan 11,"Possessed","https://www.tvmaze.com/episodes/7238/law-order-special-victims-unit-12x12-possessed"
261,12,13,12 Jan 11,"Mask","https://www.tvmaze.com/episodes/7239/law-order-special-victims-unit-12x13-mask"
262,12,14,19 Jan 11,"Dirty","https://www.tvmaze.com/episodes/7240/law-order-special-victims-unit-12x14-dirty"
263,12,15,02 Feb 11,"Flight","https://www.tvmaze.com/episodes/7241/law-order-special-victims-unit-12x15-flight"
264,12,16,09 Feb 11,"Spectacle","https://www.tvmaze.com/episodes/7242/law-order-special-victims-unit-12x16-spectacle"
265,12,17,16 Feb 11,"Pursuit","https://www.tvmaze.com/episodes/7243/law-order-special-victims-unit-12x17-pursuit"
266,12,18,23 Feb 11,"Bully","https://www.tvmaze.com/episodes/7244/law-order-special-victims-unit-12x18-bully"
267,12,19,23 Mar 11,"Bombshell","https://www.tvmaze.com/episodes/7245/law-order-special-victims-unit-12x19-bombshell"
268,12,20,30 Mar 11,"Totem","https://www.tvmaze.com/episodes/7246/law-order-special-victims-unit-12x20-totem"
269,12,21,06 Apr 11,"Reparations","https://www.tvmaze.com/episodes/7247/law-order-special-victims-unit-12x21-reparations"
270,12,22,04 May 11,"Bang","https://www.tvmaze.com/episodes/7248/law-order-special-victims-unit-12x22-bang"
271,12,23,11 May 11,"Delinquent","https://www.tvmaze.com/episodes/7249/law-order-special-victims-unit-12x23-delinquent"
272,12,24,18 May 11,"Smoked","https://www.tvmaze.com/episodes/7250/law-order-special-victims-unit-12x24-smoked"
273,13,1,21 Sep 11,"Scorched Earth","https://www.tvmaze.com/episodes/7251/law-order-special-victims-unit-13x01-scorched-earth"
274,13,2,28 Sep 11,"Personal Fouls","https://www.tvmaze.com/episodes/7252/law-order-special-victims-unit-13x02-personal-fouls"
275,13,3,05 Oct 11,"Blood Brothers","https://www.tvmaze.com/episodes/7253/law-order-special-victims-unit-13x03-blood-brothers"
276,13,4,12 Oct 11,"Double Strands","https://www.tvmaze.com/episodes/7254/law-order-special-victims-unit-13x04-double-strands"
277,13,5,19 Oct 11,"Missing Pieces","https://www.tvmaze.com/episodes/7255/law-order-special-victims-unit-13x05-missing-pieces"
278,13,6,02 Nov 11,"True Believers","https://www.tvmaze.com/episodes/7256/law-order-special-victims-unit-13x06-true-believers"
279,13,7,09 Nov 11,"Russian Brides","https://www.tvmaze.com/episodes/7257/law-order-special-victims-unit-13x07-russian-brides"
280,13,8,16 Nov 11,"Educated Guess","https://www.tvmaze.com/episodes/7258/law-order-special-victims-unit-13x08-educated-guess"
281,13,9,30 Nov 11,"Lost Traveler","https://www.tvmaze.com/episodes/7259/law-order-special-victims-unit-13x09-lost-traveler"
282,13,10,07 Dec 11,"Spiraling Down","https://www.tvmaze.com/episodes/7260/law-order-special-victims-unit-13x10-spiraling-down"
283,13,11,11 Jan 12,"Theatre Tricks","https://www.tvmaze.com/episodes/7261/law-order-special-victims-unit-13x11-theatre-tricks"
284,13,12,18 Jan 12,"Official Story","https://www.tvmaze.com/episodes/7262/law-order-special-victims-unit-13x12-official-story"
285,13,13,08 Feb 12,"Father's Shadow","https://www.tvmaze.com/episodes/7263/law-order-special-victims-unit-13x13-fathers-shadow"
286,13,14,15 Feb 12,"Home Invasions","https://www.tvmaze.com/episodes/7264/law-order-special-victims-unit-13x14-home-invasions"
287,13,15,22 Feb 12,"Hunting Ground","https://www.tvmaze.com/episodes/7265/law-order-special-victims-unit-13x15-hunting-ground"
288,13,16,29 Feb 12,"Child's Welfare","https://www.tvmaze.com/episodes/7266/law-order-special-victims-unit-13x16-childs-welfare"
289,13,17,11 Apr 12,"Justice Denied","https://www.tvmaze.com/episodes/7267/law-order-special-victims-unit-13x17-justice-denied"
290,13,18,18 Apr 12,"Valentine's Day","https://www.tvmaze.com/episodes/7268/law-order-special-victims-unit-13x18-valentines-day"
291,13,19,25 Apr 12,"Street Revenge","https://www.tvmaze.com/episodes/7269/law-order-special-victims-unit-13x19-street-revenge"
292,13,20,02 May 12,"Father Dearest","https://www.tvmaze.com/episodes/7270/law-order-special-victims-unit-13x20-father-dearest"
293,13,21,09 May 12,"Learning Curve","https://www.tvmaze.com/episodes/7271/law-order-special-victims-unit-13x21-learning-curve"
294,13,22,16 May 12,"Strange Beauty","https://www.tvmaze.com/episodes/7272/law-order-special-victims-unit-13x22-strange-beauty"
295,13,23,23 May 12,"Rhodium Nights","https://www.tvmaze.com/episodes/7273/law-order-special-victims-unit-13x23-rhodium-nights"
296,14,1,26 Sep 12,"Lost Reputation","https://www.tvmaze.com/episodes/7274/law-order-special-victims-unit-14x01-lost-reputation"
297,14,2,26 Sep 12,"Above Suspicion","https://www.tvmaze.com/episodes/7275/law-order-special-victims-unit-14x02-above-suspicion"
298,14,3,10 Oct 12,"Twenty-Five Acts","https://www.tvmaze.com/episodes/7276/law-order-special-victims-unit-14x03-twenty-five-acts"
299,14,4,17 Oct 12,"Acceptable Loss","https://www.tvmaze.com/episodes/7277/law-order-special-victims-unit-14x04-acceptable-loss"
300,14,5,24 Oct 12,"Manhattan Vigil","https://www.tvmaze.com/episodes/7278/law-order-special-victims-unit-14x05-manhattan-vigil"
301,14,6,31 Oct 12,"Friending Emily","https://www.tvmaze.com/episodes/7279/law-order-special-victims-unit-14x06-friending-emily"
302,14,7,14 Nov 12,"Vanity's Bonfire","https://www.tvmaze.com/episodes/7280/law-order-special-victims-unit-14x07-vanitys-bonfire"
303,14,8,21 Nov 12,"Lessons Learned","https://www.tvmaze.com/episodes/7281/law-order-special-victims-unit-14x08-lessons-learned"
304,14,9,05 Dec 12,"Dreams Deferred","https://www.tvmaze.com/episodes/7282/law-order-special-victims-unit-14x09-dreams-deferred"
305,14,10,02 Jan 13,"Presumed Guilty","https://www.tvmaze.com/episodes/7283/law-order-special-victims-unit-14x10-presumed-guilty"
306,14,11,09 Jan 13,"Beautiful Frame","https://www.tvmaze.com/episodes/7284/law-order-special-victims-unit-14x11-beautiful-frame"
307,14,12,30 Jan 13,"Criminal Hatred","https://www.tvmaze.com/episodes/7285/law-order-special-victims-unit-14x12-criminal-hatred"
308,14,13,06 Feb 13,"Monster's Legacy","https://www.tvmaze.com/episodes/7286/law-order-special-victims-unit-14x13-monsters-legacy"
309,14,14,13 Feb 13,"Secrets Exhumed","https://www.tvmaze.com/episodes/7287/law-order-special-victims-unit-14x14-secrets-exhumed"
310,14,15,20 Feb 13,"Deadly Ambition","https://www.tvmaze.com/episodes/7288/law-order-special-victims-unit-14x15-deadly-ambition"
311,14,16,27 Feb 13,"Funny Valentine","https://www.tvmaze.com/episodes/7289/law-order-special-victims-unit-14x16-funny-valentine"
312,14,17,20 Mar 13,"Undercover Blue","https://www.tvmaze.com/episodes/7290/law-order-special-victims-unit-14x17-undercover-blue"
313,14,18,27 Mar 13,"Legitimate Rape","https://www.tvmaze.com/episodes/7291/law-order-special-victims-unit-14x18-legitimate-rape"
314,14,19,03 Apr 13,"Born Psychopath","https://www.tvmaze.com/episodes/7292/law-order-special-victims-unit-14x19-born-psychopath"
315,14,20,24 Apr 13,"Girl Dishonored","https://www.tvmaze.com/episodes/7293/law-order-special-victims-unit-14x20-girl-dishonored"
316,14,21,01 May 13,"Traumatic Wound","https://www.tvmaze.com/episodes/7294/law-order-special-victims-unit-14x21-traumatic-wound"
317,14,22,08 May 13,"Poisoned Motive","https://www.tvmaze.com/episodes/7295/law-order-special-victims-unit-14x22-poisoned-motive"
318,14,23,15 May 13,"Brief Interlude","https://www.tvmaze.com/episodes/7296/law-order-special-victims-unit-14x23-brief-interlude"
319,14,24,22 May 13,"Her Negotiation","https://www.tvmaze.com/episodes/7297/law-order-special-victims-unit-14x24-her-negotiation"
320,15,1,25 Sep 13,"Surrender Benson","https://www.tvmaze.com/episodes/7298/law-order-special-victims-unit-15x01-surrender-benson"
321,15,2,25 Sep 13,"Imprisoned Lives","https://www.tvmaze.com/episodes/7299/law-order-special-victims-unit-15x02-imprisoned-lives"
322,15,3,02 Oct 13,"American Tragedy","https://www.tvmaze.com/episodes/7300/law-order-special-victims-unit-15x03-american-tragedy"
323,15,4,09 Oct 13,"Internal Affairs","https://www.tvmaze.com/episodes/7301/law-order-special-victims-unit-15x04-internal-affairs"
324,15,5,16 Oct 13,"Wonderland Story","https://www.tvmaze.com/episodes/7302/law-order-special-victims-unit-15x05-wonderland-story"
325,15,6,23 Oct 13,"October Surprise","https://www.tvmaze.com/episodes/7303/law-order-special-victims-unit-15x06-october-surprise"
326,15,7,06 Nov 13,"Dissonant Voices","https://www.tvmaze.com/episodes/7304/law-order-special-victims-unit-15x07-dissonant-voices"
327,15,8,13 Nov 13,"Military Justice","https://www.tvmaze.com/episodes/7305/law-order-special-victims-unit-15x08-military-justice"
328,15,9,20 Nov 13,"Rapist Anonymous","https://www.tvmaze.com/episodes/7306/law-order-special-victims-unit-15x09-rapist-anonymous"
329,15,10,08 Jan 14,"Psycho/Therapist","https://www.tvmaze.com/episodes/7307/law-order-special-victims-unit-15x10-psychotherapist"
330,15,11,15 Jan 14,"Amaro's One-Eighty","https://www.tvmaze.com/episodes/7308/law-order-special-victims-unit-15x11-amaros-one-eighty"
331,15,12,22 Jan 14,"Jersey Breakdown","https://www.tvmaze.com/episodes/7309/law-order-special-victims-unit-15x12-jersey-breakdown"
332,15,13,29 Jan 14,"Betrayal's Climax","https://www.tvmaze.com/episodes/7310/law-order-special-victims-unit-15x13-betrayals-climax"
333,15,14,05 Feb 14,"Wednesday's Child","https://www.tvmaze.com/episodes/7311/law-order-special-victims-unit-15x14-wednesdays-child"
334,15,15,26 Feb 14,"Comic Perversion","https://www.tvmaze.com/episodes/7312/law-order-special-victims-unit-15x15-comic-perversion"
335,15,16,05 Mar 14,"Gridiron Soldier","https://www.tvmaze.com/episodes/7313/law-order-special-victims-unit-15x16-gridiron-soldier"
336,15,17,12 Mar 14,"Gambler's Fallacy","https://www.tvmaze.com/episodes/7314/law-order-special-victims-unit-15x17-gamblers-fallacy"
337,15,18,19 Mar 14,"Criminal Stories","https://www.tvmaze.com/episodes/7315/law-order-special-victims-unit-15x18-criminal-stories"
338,15,19,02 Apr 14,"Downloaded Child","https://www.tvmaze.com/episodes/7316/law-order-special-victims-unit-15x19-downloaded-child"
339,15,20,09 Apr 14,"Beast's Obsession","https://www.tvmaze.com/episodes/7317/law-order-special-victims-unit-15x20-beasts-obsession"
340,15,21,30 Apr 14,"Post-Mortem Blues","https://www.tvmaze.com/episodes/7318/law-order-special-victims-unit-15x21-post-mortem-blues"
341,15,22,07 May 14,"Reasonable Doubt","https://www.tvmaze.com/episodes/7319/law-order-special-victims-unit-15x22-reasonable-doubt"
342,15,23,14 May 14,"Thought Criminal","https://www.tvmaze.com/episodes/7320/law-order-special-victims-unit-15x23-thought-criminal"
343,15,24,21 May 14,"Spring Awakening","https://www.tvmaze.com/episodes/7321/law-order-special-victims-unit-15x24-spring-awakening"
344,16,1,24 Sep 14,"Girls Disappeared","https://www.tvmaze.com/episodes/7322/law-order-special-victims-unit-16x01-girls-disappeared"
345,16,2,01 Oct 14,"American Disgrace","https://www.tvmaze.com/episodes/7323/law-order-special-victims-unit-16x02-american-disgrace"
346,16,3,08 Oct 14,"Producer's Backend","https://www.tvmaze.com/episodes/7324/law-order-special-victims-unit-16x03-producers-backend"
347,16,4,15 Oct 14,"Holden's Manifesto","https://www.tvmaze.com/episodes/7325/law-order-special-victims-unit-16x04-holdens-manifesto"
348,16,5,22 Oct 14,"Pornstar's Requiem","https://www.tvmaze.com/episodes/7326/law-order-special-victims-unit-16x05-pornstars-requiem"
349,16,6,05 Nov 14,"Glasgowman's Wrath","https://www.tvmaze.com/episodes/7328/law-order-special-victims-unit-16x06-glasgowmans-wrath"
350,16,7,12 Nov 14,"Chicago Crossover","https://www.tvmaze.com/episodes/7329/law-order-special-victims-unit-16x07-chicago-crossover"
351,16,8,19 Nov 14,"Spousal Privilege","https://www.tvmaze.com/episodes/20892/law-order-special-victims-unit-16x08-spousal-privilege"
352,16,9,10 Dec 14,"Pattern Seventeen","https://www.tvmaze.com/episodes/46973/law-order-special-victims-unit-16x09-pattern-seventeen"
353,16,10,07 Jan 15,"Forgiving Rollins","https://www.tvmaze.com/episodes/57570/law-order-special-victims-unit-16x10-forgiving-rollins"
354,16,11,14 Jan 15,"Agent Provocateur","https://www.tvmaze.com/episodes/96504/law-order-special-victims-unit-16x11-agent-provocateur"
355,16,12,21 Jan 15,"Padre Sandunguero","https://www.tvmaze.com/episodes/96505/law-order-special-victims-unit-16x12-padre-sandunguero"
356,16,13,04 Feb 15,"Decaying Morality","https://www.tvmaze.com/episodes/117539/law-order-special-victims-unit-16x13-decaying-morality"
357,16,14,11 Feb 15,"Intimidation Game","https://www.tvmaze.com/episodes/117540/law-order-special-victims-unit-16x14-intimidation-game"
358,16,15,18 Feb 15,"Undercover Mother","https://www.tvmaze.com/episodes/117541/law-order-special-victims-unit-16x15-undercover-mother"
359,16,16,25 Feb 15,"December Solstice","https://www.tvmaze.com/episodes/117542/law-order-special-victims-unit-16x16-december-solstice"
360,16,17,25 Mar 15,"Parole Violations","https://www.tvmaze.com/episodes/139561/law-order-special-victims-unit-16x17-parole-violations"
361,16,18,01 Apr 15,"Devastating Story","https://www.tvmaze.com/episodes/144132/law-order-special-victims-unit-16x18-devastating-story"
362,16,19,08 Apr 15,"Granting Immunity","https://www.tvmaze.com/episodes/144131/law-order-special-victims-unit-16x19-granting-immunity"
363,16,20,29 Apr 15,"Daydream Believer","https://www.tvmaze.com/episodes/153000/law-order-special-victims-unit-16x20-daydream-believer"
364,16,21,06 May 15,"Perverted Justice","https://www.tvmaze.com/episodes/153470/law-order-special-victims-unit-16x21-perverted-justice"
365,16,22,13 May 15,"Parent's Nightmare","https://www.tvmaze.com/episodes/153001/law-order-special-victims-unit-16x22-parents-nightmare"
366,16,23,20 May 15,"Surrendering Noah","https://www.tvmaze.com/episodes/141977/law-order-special-victims-unit-16x23-surrendering-noah"
367,17,1,23 Sep 15,"Devil's Dissections","https://www.tvmaze.com/episodes/181899/law-order-special-victims-unit-17x01-devils-dissections"
368,17,2,23 Sep 15,"Criminal Pathology","https://www.tvmaze.com/episodes/181900/law-order-special-victims-unit-17x02-criminal-pathology"
369,17,3,30 Sep 15,"Transgender Bridge","https://www.tvmaze.com/episodes/181901/law-order-special-victims-unit-17x03-transgender-bridge"
370,17,4,07 Oct 15,"Institutional Fail","https://www.tvmaze.com/episodes/206512/law-order-special-victims-unit-17x04-institutional-fail"
371,17,5,14 Oct 15,"Community Policing","https://www.tvmaze.com/episodes/206513/law-order-special-victims-unit-17x05-community-policing"
372,17,6,21 Oct 15,"Maternal Instincts","https://www.tvmaze.com/episodes/206514/law-order-special-victims-unit-17x06-maternal-instincts"
373,17,7,04 Nov 15,"Patrimonial Burden","https://www.tvmaze.com/episodes/206515/law-order-special-victims-unit-17x07-patrimonial-burden"
374,17,8,11 Nov 15,"Melancholy Pursuit","https://www.tvmaze.com/episodes/260877/law-order-special-victims-unit-17x08-melancholy-pursuit"
375,17,9,18 Nov 15,"Depravity Standard","https://www.tvmaze.com/episodes/260878/law-order-special-victims-unit-17x09-depravity-standard"
376,17,10,06 Jan 16,"Catfishing Teacher","https://www.tvmaze.com/episodes/473794/law-order-special-victims-unit-17x10-catfishing-teacher"
377,17,11,13 Jan 16,"Townhouse Incident","https://www.tvmaze.com/episodes/541976/law-order-special-victims-unit-17x11-townhouse-incident"
378,17,12,20 Jan 16,"A Misunderstanding","https://www.tvmaze.com/episodes/549807/law-order-special-victims-unit-17x12-a-misunderstanding"
379,17,13,03 Feb 16,"Forty-One Witnesses","https://www.tvmaze.com/episodes/567162/law-order-special-victims-unit-17x13-forty-one-witnesses"
380,17,14,10 Feb 16,"Nationwide Manhunt","https://www.tvmaze.com/episodes/577065/law-order-special-victims-unit-17x14-nationwide-manhunt"
381,17,15,17 Feb 16,"Collateral Damages","https://www.tvmaze.com/episodes/583613/law-order-special-victims-unit-17x15-collateral-damages"
382,17,16,24 Feb 16,"Star-Struck Victims","https://www.tvmaze.com/episodes/596862/law-order-special-victims-unit-17x16-star-struck-victims"
383,17,17,02 Mar 16,"Manhattan Transfer","https://www.tvmaze.com/episodes/608544/law-order-special-victims-unit-17x17-manhattan-transfer"
384,17,18,23 Mar 16,"Unholiest Alliance","https://www.tvmaze.com/episodes/633524/law-order-special-victims-unit-17x18-unholiest-alliance"
385,17,19,30 Mar 16,"Sheltered Outcasts","https://www.tvmaze.com/episodes/644507/law-order-special-victims-unit-17x19-sheltered-outcasts"
386,17,20,04 May 16,"Fashionable Crimes","https://www.tvmaze.com/episodes/664361/law-order-special-victims-unit-17x20-fashionable-crimes"
387,17,21,11 May 16,"Assaulting Reality","https://www.tvmaze.com/episodes/664360/law-order-special-victims-unit-17x21-assaulting-reality"
388,17,22,18 May 16,"Intersecting Lives","https://www.tvmaze.com/episodes/666139/law-order-special-victims-unit-17x22-intersecting-lives"
389,17,23,25 May 16,"Heartfelt Passages","https://www.tvmaze.com/episodes/666143/law-order-special-victims-unit-17x23-heartfelt-passages"
390,18,1,21 Sep 16,"Terrorized","https://www.tvmaze.com/episodes/834099/law-order-special-victims-unit-18x01-terrorized"
391,18,2,28 Sep 16,"Making a Rapist","https://www.tvmaze.com/episodes/880635/law-order-special-victims-unit-18x02-making-a-rapist"
392,18,3,05 Oct 16,"Imposter","https://www.tvmaze.com/episodes/891930/law-order-special-victims-unit-18x03-imposter"
393,18,4,12 Oct 16,"Heightened Emotions","https://www.tvmaze.com/episodes/929544/law-order-special-victims-unit-18x04-heightened-emotions"
394,18,5,26 Oct 16,"Rape Interrupted","https://www.tvmaze.com/episodes/962829/law-order-special-victims-unit-18x05-rape-interrupted"
395,18,6,09 Nov 16,"Broken Rhymes","https://www.tvmaze.com/episodes/939449/law-order-special-victims-unit-18x06-broken-rhymes"
396,18,7,04 Jan 17,"Next Chapter","https://www.tvmaze.com/episodes/939451/law-order-special-victims-unit-18x07-next-chapter"
397,18,8,11 Jan 17,"Chasing Theo","https://www.tvmaze.com/episodes/1019508/law-order-special-victims-unit-18x08-chasing-theo"
398,18,9,18 Jan 17,"Decline and Fall","https://www.tvmaze.com/episodes/981734/law-order-special-victims-unit-18x09-decline-and-fall"
399,18,10,08 Feb 17,"Motherly Love","https://www.tvmaze.com/episodes/981736/law-order-special-victims-unit-18x10-motherly-love"
400,18,11,15 Feb 17,"Great Expectations","https://www.tvmaze.com/episodes/1043711/law-order-special-victims-unit-18x11-great-expectations"
401,18,12,22 Feb 17,"No Surrender","https://www.tvmaze.com/episodes/1053704/law-order-special-victims-unit-18x12-no-surrender"
402,18,13,22 Mar 17,"Genes","https://www.tvmaze.com/episodes/1071382/law-order-special-victims-unit-18x13-genes"
403,18,14,29 Mar 17,"Net Worth","https://www.tvmaze.com/episodes/1071383/law-order-special-victims-unit-18x14-net-worth"
404,18,15,05 Apr 17,"Know It All","https://www.tvmaze.com/episodes/1071381/law-order-special-victims-unit-18x15-know-it-all"
405,18,16,26 Apr 17,"The Newsroom","https://www.tvmaze.com/episodes/1071384/law-order-special-victims-unit-18x16-the-newsroom"
406,18,17,03 May 17,"Real Fake News","https://www.tvmaze.com/episodes/1071385/law-order-special-victims-unit-18x17-real-fake-news"
407,18,18,10 May 17,"Spellbound","https://www.tvmaze.com/episodes/1071386/law-order-special-victims-unit-18x18-spellbound"
408,18,19,17 May 17,"Conversion","https://www.tvmaze.com/episodes/1071387/law-order-special-victims-unit-18x19-conversion"
409,18,20,24 May 17,"American Dream","https://www.tvmaze.com/episodes/1071388/law-order-special-victims-unit-18x20-american-dream"
410,18,21,24 May 17,"Sanctuary","https://www.tvmaze.com/episodes/1099631/law-order-special-victims-unit-18x21-sanctuary"
411,19,1,27 Sep 17,"Gone Fishin'","https://www.tvmaze.com/episodes/1217479/law-order-special-victims-unit-19x01-gone-fishin"
412,19,2,04 Oct 17,"Mood","https://www.tvmaze.com/episodes/1231670/law-order-special-victims-unit-19x02-mood"
413,19,3,11 Oct 17,"Contrapasso","https://www.tvmaze.com/episodes/1231671/law-order-special-victims-unit-19x03-contrapasso"
414,19,4,18 Oct 17,"No Good Reason","https://www.tvmaze.com/episodes/1231672/law-order-special-victims-unit-19x04-no-good-reason"
415,19,5,25 Oct 17,"Complicated","https://www.tvmaze.com/episodes/1284881/law-order-special-victims-unit-19x05-complicated"
416,19,6,01 Nov 17,"Unintended Consequences","https://www.tvmaze.com/episodes/1231673/law-order-special-victims-unit-19x06-unintended-consequences"
417,19,7,29 Nov 17,"Something Happened","https://www.tvmaze.com/episodes/1334062/law-order-special-victims-unit-19x07-something-happened"
418,19,8,06 Dec 17,"Intent","https://www.tvmaze.com/episodes/1349496/law-order-special-victims-unit-19x08-intent"
419,19,9,03 Jan 18,"Gone Baby Gone","https://www.tvmaze.com/episodes/1359551/law-order-special-victims-unit-19x09-gone-baby-gone"
420,19,10,10 Jan 18,"Pathological","https://www.tvmaze.com/episodes/1359552/law-order-special-victims-unit-19x10-pathological"
421,19,11,17 Jan 18,"Flight Risk","https://www.tvmaze.com/episodes/1362021/law-order-special-victims-unit-19x11-flight-risk"
422,19,12,31 Jan 18,"Info Wars","https://www.tvmaze.com/episodes/1387004/law-order-special-victims-unit-19x12-info-wars"
423,19,13,07 Feb 18,"The Undiscovered Country","https://www.tvmaze.com/episodes/1387061/law-order-special-victims-unit-19x13-the-undiscovered-country"
424,19,14,28 Feb 18,"Chasing Demons","https://www.tvmaze.com/episodes/1389427/law-order-special-victims-unit-19x14-chasing-demons"
425,19,15,07 Mar 18,"In Loco Parentis","https://www.tvmaze.com/episodes/1407075/law-order-special-victims-unit-19x15-in-loco-parentis"
426,19,16,14 Mar 18,"Dare","https://www.tvmaze.com/episodes/1414668/law-order-special-victims-unit-19x16-dare"
427,19,17,21 Mar 18,"Send in the Clowns","https://www.tvmaze.com/episodes/1418588/law-order-special-victims-unit-19x17-send-in-the-clowns"
428,19,18,11 Apr 18,"Service","https://www.tvmaze.com/episodes/1422141/law-order-special-victims-unit-19x18-service"
429,19,19,18 Apr 18,"Sunk Cost Fallacy","https://www.tvmaze.com/episodes/1422142/law-order-special-victims-unit-19x19-sunk-cost-fallacy"
430,19,20,02 May 18,"The Book of Esther","https://www.tvmaze.com/episodes/1424036/law-order-special-victims-unit-19x20-the-book-of-esther"
431,19,21,09 May 18,"Guardian","https://www.tvmaze.com/episodes/1434479/law-order-special-victims-unit-19x21-guardian"
432,19,22,16 May 18,"Mama","https://www.tvmaze.com/episodes/1435975/law-order-special-victims-unit-19x22-mama"
433,19,23,23 May 18,"Remember Me","https://www.tvmaze.com/episodes/1435976/law-order-special-victims-unit-19x23-remember-me"
434,19,24,23 May 18,"Remember Me Too","https://www.tvmaze.com/episodes/1435977/law-order-special-victims-unit-19x24-remember-me-too"
435,20,1,27 Sep 18,"Man Up","https://www.tvmaze.com/episodes/1482237/law-order-special-victims-unit-20x01-man-up"
436,20,2,27 Sep 18,"Man Down","https://www.tvmaze.com/episodes/1482238/law-order-special-victims-unit-20x02-man-down"
437,20,3,04 Oct 18,"Zero Tolerance","https://www.tvmaze.com/episodes/1500307/law-order-special-victims-unit-20x03-zero-tolerance"
438,20,4,11 Oct 18,"Revenge","https://www.tvmaze.com/episodes/1514192/law-order-special-victims-unit-20x04-revenge"
439,20,5,18 Oct 18,"Accredo","https://www.tvmaze.com/episodes/1521481/law-order-special-victims-unit-20x05-accredo"
440,20,6,25 Oct 18,"Exile","https://www.tvmaze.com/episodes/1521482/law-order-special-victims-unit-20x06-exile"
441,20,7,01 Nov 18,"Caretaker","https://www.tvmaze.com/episodes/1521483/law-order-special-victims-unit-20x07-caretaker"
442,20,8,08 Nov 18,"Hell's Kitchen","https://www.tvmaze.com/episodes/1521484/law-order-special-victims-unit-20x08-hells-kitchen"
443,20,9,15 Nov 18,"Mea Culpa","https://www.tvmaze.com/episodes/1521486/law-order-special-victims-unit-20x09-mea-culpa"
444,20,10,29 Nov 18,"Alta Kockers","https://www.tvmaze.com/episodes/1553943/law-order-special-victims-unit-20x10-alta-kockers"
445,20,11,10 Jan 19,"Plastic","https://www.tvmaze.com/episodes/1571538/law-order-special-victims-unit-20x11-plastic"
446,20,12,17 Jan 19,"Dear Ben","https://www.tvmaze.com/episodes/1585292/law-order-special-victims-unit-20x12-dear-ben"
447,20,13,31 Jan 19,"A Story of More Woe","https://www.tvmaze.com/episodes/1588181/law-order-special-victims-unit-20x13-a-story-of-more-woe"
448,20,14,07 Feb 19,"Part 33","https://www.tvmaze.com/episodes/1595365/law-order-special-victims-unit-20x14-part-33"
449,20,15,14 Feb 19,"Brothel","https://www.tvmaze.com/episodes/1596137/law-order-special-victims-unit-20x15-brothel"
450,20,16,21 Feb 19,"Facing Demons","https://www.tvmaze.com/episodes/1594602/law-order-special-victims-unit-20x16-facing-demons"
451,20,17,14 Mar 19,"Missing","https://www.tvmaze.com/episodes/1612296/law-order-special-victims-unit-20x17-missing"
452,20,18,21 Mar 19,"Blackout","https://www.tvmaze.com/episodes/1612297/law-order-special-victims-unit-20x18-blackout"
453,20,19,04 Apr 19,"Dearly Beloved","https://www.tvmaze.com/episodes/1616056/law-order-special-victims-unit-20x19-dearly-beloved"
454,20,20,11 Apr 19,"The Good Girl","https://www.tvmaze.com/episodes/1621354/law-order-special-victims-unit-20x20-the-good-girl"
455,20,21,25 Apr 19,"Exchange","https://www.tvmaze.com/episodes/1627648/law-order-special-victims-unit-20x21-exchange"
456,20,22,02 May 19,"Diss","https://www.tvmaze.com/episodes/1627649/law-order-special-victims-unit-20x22-diss"
457,20,23,09 May 19,"Assumptions","https://www.tvmaze.com/episodes/1632943/law-order-special-victims-unit-20x23-assumptions"
458,20,24,16 May 19,"End Game","https://www.tvmaze.com/episodes/1632944/law-order-special-victims-unit-20x24-end-game"
459,21,1,26 Sep 19,"I'm Going to Make You a Star","https://www.tvmaze.com/episodes/1672015/law-order-special-victims-unit-21x01-im-going-to-make-you-a-star"
460,21,2,03 Oct 19,"The Darkest Journey Home","https://www.tvmaze.com/episodes/1687792/law-order-special-victims-unit-21x02-the-darkest-journey-home"
461,21,3,10 Oct 19,"Down Low in Hell's Kitchen","https://www.tvmaze.com/episodes/1687793/law-order-special-victims-unit-21x03-down-low-in-hells-kitchen"
462,21,4,17 Oct 19,"The Burden of Our Choices","https://www.tvmaze.com/episodes/1690753/law-order-special-victims-unit-21x04-the-burden-of-our-choices"
463,21,5,24 Oct 19,"At Midnight in Manhattan","https://www.tvmaze.com/episodes/1690754/law-order-special-victims-unit-21x05-at-midnight-in-manhattan"
464,21,6,31 Oct 19,"Murdered at a Bad Address","https://www.tvmaze.com/episodes/1690755/law-order-special-victims-unit-21x06-murdered-at-a-bad-address"
465,21,7,07 Nov 19,"Counselor, It's Chinatown","https://www.tvmaze.com/episodes/1719988/law-order-special-victims-unit-21x07-counselor-its-chinatown"
466,21,8,14 Nov 19,"We Dream of Machine Elves","https://www.tvmaze.com/episodes/1719989/law-order-special-victims-unit-21x08-we-dream-of-machine-elves"
467,21,9,21 Nov 19,"Can't Be Held Accountable","https://www.tvmaze.com/episodes/1751864/law-order-special-victims-unit-21x09-cant-be-held-accountable"
468,21,10,09 Jan 20,"Must Be Held Accountable","https://www.tvmaze.com/episodes/1758516/law-order-special-victims-unit-21x10-must-be-held-accountable"
469,21,11,16 Jan 20,"She Paints for Vengeance","https://www.tvmaze.com/episodes/1762045/law-order-special-victims-unit-21x11-she-paints-for-vengeance"
470,21,12,30 Jan 20,"The Longest Night of Rain","https://www.tvmaze.com/episodes/1770533/law-order-special-victims-unit-21x12-the-longest-night-of-rain"
471,21,13,06 Feb 20,"Redemption in Her Corner","https://www.tvmaze.com/episodes/1772590/law-order-special-victims-unit-21x13-redemption-in-her-corner"
472,21,14,13 Feb 20,"I Deserve Some Loving Too","https://www.tvmaze.com/episodes/1778317/law-order-special-victims-unit-21x14-i-deserve-some-loving-too"
473,21,15,20 Feb 20,"Swimming with the Sharks","https://www.tvmaze.com/episodes/1799707/law-order-special-victims-unit-21x15-swimming-with-the-sharks"
474,21,16,27 Feb 20,"Eternal Relief From Pain","https://www.tvmaze.com/episodes/1788473/law-order-special-victims-unit-21x16-eternal-relief-from-pain"
475,21,17,26 Mar 20,"Dance, Lies and Videotape","https://www.tvmaze.com/episodes/1808853/law-order-special-victims-unit-21x17-dance-lies-and-videotape"
476,21,18,02 Apr 20,"Garland's Baptism by Fire","https://www.tvmaze.com/episodes/1811527/law-order-special-victims-unit-21x18-garlands-baptism-by-fire"
477,21,19,16 Apr 20,"Solving for the Unknowns","https://www.tvmaze.com/episodes/1811528/law-order-special-victims-unit-21x19-solving-for-the-unknowns"
478,21,20,23 Apr 20,"The Things We Have to Lose","https://www.tvmaze.com/episodes/1822083/law-order-special-victims-unit-21x20-the-things-we-have-to-lose"
479,22,1,12 Nov 20,"Guardians and Gladiators","https://www.tvmaze.com/episodes/1920534/law-order-special-victims-unit-22x01-guardians-and-gladiators"
480,22,2,19 Nov 20,"The Ballad of Dwight and Irena","https://www.tvmaze.com/episodes/1948869/law-order-special-victims-unit-22x02-the-ballad-of-dwight-and-irena"
481,22,3,03 Dec 20,"Remember Me in Quarantine","https://www.tvmaze.com/episodes/1971590/law-order-special-victims-unit-22x03-remember-me-in-quarantine"
482,22,4,07 Jan 21,"Sightless in a Savage Land","https://www.tvmaze.com/episodes/1976808/law-order-special-victims-unit-22x04-sightless-in-a-savage-land"
483,22,5,14 Jan 21,"Turn Me On Take Me Private","https://www.tvmaze.com/episodes/1984537/law-order-special-victims-unit-22x05-turn-me-on-take-me-private"
484,22,6,21 Jan 21,"The Long Arm of the Witness","https://www.tvmaze.com/episodes/1984538/law-order-special-victims-unit-22x06-the-long-arm-of-the-witness"
485,22,7,18 Feb 21,"Hunt, Trap, Rape and Release","https://www.tvmaze.com/episodes/1995715/law-order-special-victims-unit-22x07-hunt-trap-rape-and-release"
486,22,8,25 Feb 21,"The Only Way Out Is Through","https://www.tvmaze.com/episodes/1984539/law-order-special-victims-unit-22x08-the-only-way-out-is-through"
487,22,9,01 Apr 21,"Return of the Prodigal Son","https://www.tvmaze.com/episodes/2024062/law-order-special-victims-unit-22x09-return-of-the-prodigal-son"
488,22,10,08 Apr 21,"Welcome to the Pedo Motel","https://www.tvmaze.com/episodes/1995716/law-order-special-victims-unit-22x10-welcome-to-the-pedo-motel"
489,22,11,15 Apr 21,"Our Words Will Not Be Heard","https://www.tvmaze.com/episodes/1995717/law-order-special-victims-unit-22x11-our-words-will-not-be-heard"
490,22,12,22 Apr 21,"In the Year We All Fell Down","https://www.tvmaze.com/episodes/2057859/law-order-special-victims-unit-22x12-in-the-year-we-all-fell-down"
491,22,13,13 May 21,"Trick-Rolled at the Moulin'","https://www.tvmaze.com/episodes/2057860/law-order-special-victims-unit-22x13-trick-rolled-at-the-moulin"
492,22,14,20 May 21,"Post-Graduate Psychopath","https://www.tvmaze.com/episodes/2057866/law-order-special-victims-unit-22x14-post-graduate-psychopath"
493,22,15,27 May 21,"What Can Happen in the Dark","https://www.tvmaze.com/episodes/2060979/law-order-special-victims-unit-22x15-what-can-happen-in-the-dark"
494,22,16,03 Jun 21,"Wolves in Sheep's Clothing","https://www.tvmaze.com/episodes/2083375/law-order-special-victims-unit-22x16-wolves-in-sheeps-clothing"
495,23,1,23 Sep 21,"And the Empire Strikes Back","https://www.tvmaze.com/episodes/2131648/law-order-special-victims-unit-23x01-and-the-empire-strikes-back"
496,23,2,23 Sep 21,"Never Turn Your Back on Them","https://www.tvmaze.com/episodes/2161666/law-order-special-victims-unit-23x02-never-turn-your-back-on-them"
497,23,3,30 Sep 21,"I Thought You Were on My Side","https://www.tvmaze.com/episodes/2161667/law-order-special-victims-unit-23x03-i-thought-you-were-on-my-side"
498,23,4,07 Oct 21,"One More Tale of Two Victims","https://www.tvmaze.com/episodes/2175398/law-order-special-victims-unit-23x04-one-more-tale-of-two-victims"
499,23,5,14 Oct 21,"Fast Times @TheWheelhouse","https://www.tvmaze.com/episodes/2175399/law-order-special-victims-unit-23x05-fast-times-thewheelhouse"
500,23,6,21 Oct 21,"The Five Hundredth Episode (62 min)","https://www.tvmaze.com/episodes/2175400/law-order-special-victims-unit-23x06-the-five-hundredth-episode"
501,23,7,04 Nov 21,"They'd Already Disappeared","https://www.tvmaze.com/episodes/2175401/law-order-special-victims-unit-23x07-theyd-already-disappeared"
502,23,8,11 Nov 21,"Nightmares in Drill City","https://www.tvmaze.com/episodes/2200352/law-order-special-victims-unit-23x08-nightmares-in-drill-city"
503,23,9,09 Dec 21,"People vs Richard Wheatley","https://www.tvmaze.com/episodes/2212279/law-order-special-victims-unit-23x09-people-vs-richard-wheatley"
504,23,10,06 Jan 22,"Silent Night, Hateful Night","https://www.tvmaze.com/episodes/2212280/law-order-special-victims-unit-23x10-silent-night-hateful-night"
505,23,11,13 Jan 22,"Burning With Rage Forever","https://www.tvmaze.com/episodes/2215523/law-order-special-victims-unit-23x11-burning-with-rage-forever"
506,23,12,20 Jan 22,"Tommy Baker's Hardest Fight","https://www.tvmaze.com/episodes/2244490/law-order-special-victims-unit-23x12-tommy-bakers-hardest-fight"
507,23,13,24 Feb 22,"If I Knew Then What I Know Now","https://www.tvmaze.com/episodes/2244491/law-order-special-victims-unit-23x13-if-i-knew-then-what-i-know-now"
508,23,14,03 Mar 22,"Video Killed the Radio Star","https://www.tvmaze.com/episodes/2244492/law-order-special-victims-unit-23x14-video-killed-the-radio-star"
509,23,15,10 Mar 22,"Promising Young Gentlemen","https://www.tvmaze.com/episodes/2244493/law-order-special-victims-unit-23x15-promising-young-gentlemen"
510,23,16,17 Mar 22,"Sorry If It Got Weird for You","https://www.tvmaze.com/episodes/2264357/law-order-special-victims-unit-23x16-sorry-if-it-got-weird-for-you"
511,23,17,07 Apr 22,"Once Upon a Time in El Barrio","https://www.tvmaze.com/episodes/2264358/law-order-special-victims-unit-23x17-once-upon-a-time-in-el-barrio"
512,23,18,14 Apr 22,"Eighteen Wheels a Predator","https://www.tvmaze.com/episodes/2264359/law-order-special-victims-unit-23x18-eighteen-wheels-a-predator"
513,23,19,28 Apr 22,"Tangled Strands of Justice","https://www.tvmaze.com/episodes/2301765/law-order-special-victims-unit-23x19-tangled-strands-of-justice"
514,23,20,05 May 22,"Did You Believe in Miracles?","https://www.tvmaze.com/episodes/2303795/law-order-special-victims-unit-23x20-did-you-believe-in-miracles"
515,23,21,12 May 22,"Confess Your Sins to Be Free","https://www.tvmaze.com/episodes/2303796/law-order-special-victims-unit-23x21-confess-your-sins-to-be-free"
516,23,22,19 May 22,"A Final Call At Forlini's Bar","https://www.tvmaze.com/episodes/2308809/law-order-special-victims-unit-23x22-a-final-call-at-forlinis-bar"
517,24,1,22 Sep 22,"Gimme Shelter, Part II","https://www.tvmaze.com/episodes/2355075/law-order-special-victims-unit-24x01-gimme-shelter-part-ii"
518,24,2,29 Sep 22,"The One You Feed","https://www.tvmaze.com/episodes/2381290/law-order-special-victims-unit-24x02-the-one-you-feed"
519,24,3,06 Oct 22,"Mirror Effect","https://www.tvmaze.com/episodes/2381291/law-order-special-victims-unit-24x03-mirror-effect"
520,24,4,13 Oct 22,"The Steps We Cannot Take","https://www.tvmaze.com/episodes/2381292/law-order-special-victims-unit-24x04-the-steps-we-cannot-take"
521,24,5,27 Oct 22,"Breakwater","https://www.tvmaze.com/episodes/2381293/law-order-special-victims-unit-24x05-breakwater"
522,24,6,03 Nov 22,"Controlled Burn","https://www.tvmaze.com/episodes/2416460/law-order-special-victims-unit-24x06-controlled-burn"
523,24,7,10 Nov 22,"Dead Ball","https://www.tvmaze.com/episodes/2420016/law-order-special-victims-unit-24x07-dead-ball"
524,24,8,17 Nov 22,"A Better Person","https://www.tvmaze.com/episodes/2424652/law-order-special-victims-unit-24x08-a-better-person"
525,24,9,08 Dec 22,"And a Trauma in a Pear Tree","https://www.tvmaze.com/episodes/2427588/law-order-special-victims-unit-24x09-and-a-trauma-in-a-pear-tree"
526,24,10,05 Jan 23,"Jumped In","https://www.tvmaze.com/episodes/2427589/law-order-special-victims-unit-24x10-jumped-in"
527,24,11,12 Jan 23,"Soldier Up","https://www.tvmaze.com/episodes/2448455/law-order-special-victims-unit-24x11-soldier-up"
528,24,12,26 Jan 23,"Blood Out","https://www.tvmaze.com/episodes/2464877/law-order-special-victims-unit-24x12-blood-out"
529,24,13,02 Feb 23,"Intersection","https://www.tvmaze.com/episodes/2474310/law-order-special-victims-unit-24x13-intersection"
530,24,14,16 Feb 23,"Dutch Tears","https://www.tvmaze.com/episodes/2482149/law-order-special-victims-unit-24x14-dutch-tears"
531,24,15,23 Feb 23,"King of the Moon","https://www.tvmaze.com/episodes/2482150/law-order-special-victims-unit-24x15-king-of-the-moon"
532,24,16,23 Mar 23,"The Presence of Absence","https://www.tvmaze.com/episodes/2490972/law-order-special-victims-unit-24x16-the-presence-of-absence"
533,24,17,30 Mar 23,"Lime Chaser","https://www.tvmaze.com/episodes/2500270/law-order-special-victims-unit-24x17-lime-chaser"
534,24,18,06 Apr 23,"Bubble Wrap","https://www.tvmaze.com/episodes/2500271/law-order-special-victims-unit-24x18-bubble-wrap"
535,24,19,27 Apr 23,"Bend the Law","https://www.tvmaze.com/episodes/2517616/law-order-special-victims-unit-24x19-bend-the-law"
536,24,20,04 May 23,"Debatable","https://www.tvmaze.com/episodes/2517617/law-order-special-victims-unit-24x20-debatable"
537,24,21,11 May 23,"Bad Things","https://www.tvmaze.com/episodes/2517618/law-order-special-victims-unit-24x21-bad-things"
538,24,22,18 May 23,"All Pain Is One Malady","https://www.tvmaze.com/episodes/2517622/law-order-special-victims-unit-24x22-all-pain-is-one-malady"
539,25,1,18 Jan 24,"Tunnel Blind","https://www.tvmaze.com/episodes/2691458/law-order-special-victims-unit-25x01-tunnel-blind"
540,25,2,25 Jan 24,"Truth Embargo","https://www.tvmaze.com/episodes/2732680/law-order-special-victims-unit-25x02-truth-embargo"
541,25,3,01 Feb 24,"The Punch List","https://www.tvmaze.com/episodes/2732681/law-order-special-victims-unit-25x03-the-punch-list"
542,25,4,08 Feb 24,"Duty to Report","https://www.tvmaze.com/episodes/2746744/law-order-special-victims-unit-25x04-duty-to-report"
543,25,5,22 Feb 24,"Zone Rouge","https://www.tvmaze.com/episodes/2746745/law-order-special-victims-unit-25x05-zone-rouge"
544,25,6,29 Feb 24,"Carousel","https://www.tvmaze.com/episodes/2746746/law-order-special-victims-unit-25x06-carousel"
545,25,7,14 Mar 24,"Probability of Doom","https://www.tvmaze.com/episodes/2749784/law-order-special-victims-unit-25x07-probability-of-doom"
546,25,8,21 Mar 24,"Third Man Syndrome","https://www.tvmaze.com/episodes/2783720/law-order-special-victims-unit-25x08-third-man-syndrome"
547,25,9,11 Apr 24,"Children of Wolves","https://www.tvmaze.com/episodes/2799253/law-order-special-victims-unit-25x09-children-of-wolves"
548,25,10,18 Apr 24,"Combat Fatigue","https://www.tvmaze.com/episodes/2812319/law-order-special-victims-unit-25x10-combat-fatigue"
549,25,11,02 May 24,"Prima Nocta","https://www.tvmaze.com/episodes/2830354/law-order-special-victims-unit-25x11-prima-nocta"
550,25,12,09 May 24,"Marauder","https://www.tvmaze.com/episodes/2836702/law-order-special-victims-unit-25x12-marauder"
551,25,13,16 May 24,"Duty To Hope","https://www.tvmaze.com/episodes/2836703/law-order-special-victims-unit-25x13-duty-to-hope"
552,26,1,03 Oct 24,"Fractured","https://www.tvmaze.com/episodes/2939430/law-order-special-victims-unit-26x01-fractured"
553,26,2,10 Oct 24,"Excavation","https://www.tvmaze.com/episodes/3005578/law-order-special-victims-unit-26x02-excavation"
554,26,3,17 Oct 24,"Divide & Conquer","https://www.tvmaze.com/episodes/3005580/law-order-special-victims-unit-26x03-divide-conquer"
555,26,4,24 Oct 24,"Constricted","https://www.tvmaze.com/episodes/3005579/law-order-special-victims-unit-26x04-constricted"
556,26,5,31 Oct 24,"Economics of Shame","https://www.tvmaze.com/episodes/3005581/law-order-special-victims-unit-26x05-economics-of-shame"
557,26,6,07 Nov 24,"Rorschach","https://www.tvmaze.com/episodes/3005582/law-order-special-victims-unit-26x06-rorschach"
558,26,7,14 Nov 24,"Tenfold","https://www.tvmaze.com/episodes/3005583/law-order-special-victims-unit-26x07-tenfold"
559,26,8,21 Nov 24,"Cornered","https://www.tvmaze.com/episodes/3005584/law-order-special-victims-unit-26x08-cornered"
560,26,9,16 Jan 25,"First Light","https://www.tvmaze.com/episodes/3060218/law-order-special-victims-unit-26x09-first-light"
561,26,10,23 Jan 25,"Master Key","https://www.tvmaze.com/episodes/3103885/law-order-special-victims-unit-26x10-master-key"
562,26,11,30 Jan 25,"Deductible","https://www.tvmaze.com/episodes/3110133/law-order-special-victims-unit-26x11-deductible"
563,26,12,13 Feb 25,"Calculated","https://www.tvmaze.com/episodes/3110134/law-order-special-victims-unit-26x12-calculated"
564,26,13,20 Feb 25,"Extinguished","https://www.tvmaze.com/episodes/3123317/law-order-special-victims-unit-26x13-extinguished"
565,26,14,27 Feb 25,"The Grid Plan","https://www.tvmaze.com/episodes/3133589/law-order-special-victims-unit-26x14-the-grid-plan"
566,26,15,13 Mar 25,"Undertow","https://www.tvmaze.com/episodes/3133604/law-order-special-victims-unit-26x15-undertow"
567,26,16,20 Mar 25,"Let Me Bring Pardon","https://www.tvmaze.com/episodes/3133624/law-order-special-victims-unit-26x16-let-me-bring-pardon"
568,26,17,03 Apr 25,"Accomplice Liability","https://www.tvmaze.com/episodes/3169663/law-order-special-victims-unit-26x17-accomplice-liability"
569,26,18,10 Apr 25,"The Accuser","https://www.tvmaze.com/episodes/3169664/law-order-special-victims-unit-26x18-the-accuser"
570,26,19,17 Apr 25,"Play With Fire Part 2","https://www.tvmaze.com/episodes/3181178/law-order-special-victims-unit-26x19-play-with-fire-part-2"
571,26,20,01 May 25,"Shock Collar","https://www.tvmaze.com/episodes/3183337/law-order-special-victims-unit-26x20-shock-collar"
572,26,21,08 May 25,"Aperture","https://www.tvmaze.com/episodes/3190564/law-order-special-victims-unit-26x21-aperture"
573,26,22,15 May 25,"Post-Rage","https://www.tvmaze.com/episodes/3199866/law-order-special-victims-unit-26x22-post-rage"
574,27,1,25 Sep 25,"In The Wind","https://www.tvmaze.com/episodes/3316796/law-order-special-victims-unit-27x01-in-the-wind"
575,27,2,02 Oct 25,"A Waiver of Consent","https://www.tvmaze.com/episodes/3348553/law-order-special-victims-unit-27x02-a-waiver-of-consent"
576,27,3,09 Oct 25,"A Vicious Circle","https://www.tvmaze.com/episodes/3348559/law-order-special-victims-unit-27x03-a-vicious-circle"
577,27,4,16 Oct 25,"Clickbait","https://www.tvmaze.com/episodes/3366704/law-order-special-victims-unit-27x04-clickbait"
578,27,5,23 Oct 25,"Feed the Craving","https://www.tvmaze.com/episodes/3366705/law-order-special-victims-unit-27x05-feed-the-craving"
579,27,6,30 Oct 25,"Under the Influence","https://www.tvmaze.com/episodes/3395658/law-order-special-victims-unit-27x06-under-the-influence"
580,27,7,13 Nov 25,"False Idols","https://www.tvmaze.com/episodes/3399046/law-order-special-victims-unit-27x07-false-idols"
581,27,8,20 Nov 25,"Showdown","https://www.tvmaze.com/episodes/3427380/law-order-special-victims-unit-27x08-showdown"
582,27,9,08 Jan 26,"Purity","https://www.tvmaze.com/episodes/3427381/law-order-special-victims-unit-27x09-purity"
583,27,10,15 Jan 26,"Fidelis Ad Mortem","https://www.tvmaze.com/episodes/3483053/law-order-special-victims-unit-27x10-fidelis-ad-mortem"
584,27,11,22 Jan 26,"Career Psychopath","https://www.tvmaze.com/episodes/3483056/law-order-special-victims-unit-27x11-career-psychopath"
585,27,12,29 Jan 26,"Hubris","https://www.tvmaze.com/episodes/3483055/law-order-special-victims-unit-27x12-hubris"
586,27,13,26 Feb 26,"Corrosive","https://www.tvmaze.com/episodes/3526276/law-order-special-victims-unit-27x13-corrosive"
587,27,14,05 Mar 26,"Frequency","https://www.tvmaze.com/episodes/3544379/law-order-special-victims-unit-27x14-frequency"
588,27,15,12 Mar 26,"Thirsty","https://www.tvmaze.com/episodes/3544380/law-order-special-victims-unit-27x15-thirsty"
589,27,16,02 Apr 26,"Vivid","https://www.tvmaze.com/episodes/3563215/law-order-special-victims-unit-27x16-vivid"
590,27,17,09 Apr 26,"Deep Under","https://www.tvmaze.com/episodes/3577488/law-order-special-victims-unit-27x17-deep-under"
591,27,18,16 Apr 26,"TBA","https://www.tvmaze.com/episodes/3577489/law-order-special-victims-unit-27x18-tba"
592,27,19,23 Apr 26,"TBA","https://www.tvmaze.com/episodes/3577490/law-order-special-victims-unit-27x19-tba"
593,27,20,30 Apr 26,"Old Friends","https://www.tvmaze.com/episodes/3577491/law-order-special-victims-unit-27x20-old-friends"
S18,18,0,         ,"Unstoppable (43 min)","https://www.tvmaze.com/episodes/2049448/law-order-special-victims-unit-s18-special-unstoppable"
S21,21,0,02 Jan 20,"The Paley Center Salutes Law & Order: SVU","https://www.tvmaze.com/episodes/1777625/law-order-special-victims-unit-s21-special-the-paley-center-salutes-law-order-svu"
S22,22,0,12 Nov 20,"The Paley Center Presents Law & Order: Before They Were Stars","https://www.tvmaze.com/episodes/1959985/law-order-special-victims-unit-s22-special-the-paley-center-presents-law-order-before-they-were-stars"

		